"","siteid","Site","sticID","n_wet","n_total","prc_missing","prc_wet","tempC_mean","LeafSpecies1","LeafSpecies2","LeafSpecies3","Elm","Populus","Oak","Locust","Graminales","Elderberry","Rubrus","Forb","Shrub","Unknown","Rip_type","Sediment.Texture.Description","Percent.Rocks","Percent.Leaf.Litter","Percent.Sediment","FlowStag","project","date","rType","rep","sublocation","month","time_cst","sub_watershed","burn_area","stream_order","elevation","flow_state","conductivity","canopy_cover_percent","long","lat","stic_sublocation","stream_temp_C_1wk_avg","stream_temp_C_2wk_avg","stream_temp_C_3wk_avg","percent_wet_1wk_avg","percent_wet_2wk_avg","percent_wet_3wk_avg","twi","distance_from_outlet","drainage_area","wetted_width","slope_percent","weather","pH","crewBGC","crewMicro","alpha.cent","page.rank","imp.closeness.cent","betweenness.cent","n.nodes.in.paths","n.paths","upstream.network.length","path.length.mean","path.length.var","path.length.skew","path.length.kurt","path.degree.mean","path.degree.var","path.degree.skew","path.degree.kurt","in.eccentricity","mean.efficiency","W_Chl.a_ug_per_mL","rock_area","B_Chl.a_ug_per_cm2","Biofilm_B_Glucosidase_Activity_.umoles_hr_1_mL_1_cm_2.","Biofilm_Phospahtase_Activity_.umoles_hr_1_mL_1_cm_2.","Biofilm_N_Acetylglucosaminidase_Activity_.umoles_hr_1_mL_1_cm_2.","Water_B_Glucosidase_Activity_.umoles_hr_1_mL_1.","Water_Phospahtase_Activity_.umoles_hr_1_mL_1.","Water_N_Acetylglucosaminidase_Activity_.umoles_hr_1_mL_1.","Leaf_Litter_B_Glucosidase_Activity_.umolperhperg_DW.","Leaf_Litter_B_Glucosidase_Activity_.umolperhperg_OM.","Leaf_Litter_Phosphatase_Activity_.umolperhperg_DW.","Leaf_Litter_Phosphatase_Activity_.umolperhperg_OM.","Leaf_Litter_N_Acetylglucosaminidase_Activity_.umolperhperg_DW.","Leaf_Litter_N_Acetylglucosaminidase_Activity_.umolperhperg_OM.","Leaf_Litter_Phenol_Oxidase_Activity_.umolperhperg_DW.","Leaf_Litter_Phenol_Oxidase_Activity_.umolperhperg_OM.","Leaf_Litter_Peroxidase_Activity_.umolperhperg_DW.","Leaf_Litter_Peroxidase_Activity_.umolperhperg_OM.","Sediment_B_Glucosidase_Activity_.umolperhperg_DW.","Sediment_B_Glucosidase_Activity_.umolperhperg_OM.","Sediment_Phosphatase_Activity_.umolperhperg_DW.","Sediment_Phosphatase_Activity_.umolperhperg_OM.","Sediment_N_Acetylglucosaminidase_Activity_.umolperhperg_DW.","Sediment_N_Acetylglucosaminidase_Activity_.umolperhperg_OM.","Sediment_Phenol_Oxidase_Activity_.umolperhperg_DW.","Sediment_Phenol_Activity_.umolperhperg_OM.","Sediment_Peroxidase_Activity_.umolperhperg_DW.","Sediment_Peroxidase_Activity_.umolperhperg_OM."
"1","01M01","01m01","01M01_1",10330,17866,0.683097717,0.578193216,10.51758144,"Elm","Elm","Oak",1,0,1,0,0,0,0,0,0,0,"Woody","Sandy",5,65,30,"flowing","AIMS",20210605,"ENVD",1,"SW","June","15:35","01M","N1B",3,373.90979,"flowing",560,44.8,-96.577021,39.086665,"HS",14.99187221,15.52654275,15.52654275,1,1,1,16.61853981,1.4,28.3099,"3.26",1.965986462,"clear, some clouds, hot sunny 90s",8.07,"Connor Brown, Rachel Wakefield","Ken Aho, Michael J Braus",NA,NA,NA,NA,NA,NA,NA,NA,NA,NA,NA,NA,NA,NA,NA,NA,NA,0,76.2,0.16,0.006965637,0.238817193,0.011492511,0.035785911,0.001368716,0.034722222,10.84838079,14.30013831,5.98546128,7.889926233,0.59269063,0.781274013,5.983459197,7.887287123,2.873726343,3.788093815,0.120282906,3.79750316,0.400943018,12.65834387,0.005971492,0.188528526,0.583231668,18.41345694,0.003685508,0.116356758
"2","01M02","01m02","01M02_1",4072,47674,0.154371464,0.085413433,16.79887821,"Populus","Oak","Oak",0,1,1,0,0,0,0,0,0,0,"Woody","Sandy",80,5,15,"flowing","AIMS",20210605,"ENVD",1,"SW","June","17:15","01M","N1B",3,375.4253235,"flowing",562,74,-96.576332,39.086288,"HS",15.00087667,15.62154647,15.62154647,1,1,1,15.35936356,1.51,27.8823,"1.64",6.791313277,"sunny, clear, warm",8,"Connor Brown, Rachel Wakefield","Ken Aho, Michael J Braus",5,0.0185374181475645,93.75,24,4,4,4,2.5,1.25,0,-1.2,1.5,0.25,0,-6,4,0.0462962962962963,0,75,0.267,0.10783693,0.206550745,0.002078002,0.008720464,0.128106907,0.006531412,14.06635045,16.41074219,13.74444887,16.03519035,4.369377265,5.097606809,4.584482311,5.348562696,3.201860662,3.735504105,0.119408166,1.910530655,0.36562716,5.850034566,0.008368227,0.133891636,0.379607991,6.073727853,0.111779644,0
"3","01M03","01m03","01M03_1",2322,38271,0.321159338,0.060672572,16.02322855,"Locust","Elm","Oak",1,0,1,1,0,0,0,0,0,0,"Mixed","Sandy coarse",30,1,50,"flowing","AIMS",20210606,"ENVD",1,"SW","June","9:00","01M","N1B",3,378.8143921,"flowing",557.7,2.1,-96.575936,39.084711,"HS",16.58707281,16.81507807,16.89144344,1,1,1,15.67690945,1.7,25.997,"1",4.621014623,"cloudy, warm, nice breeze",8.2,"Connor Brown, Rachel Wakefield","Ken Aho, Michael J Braus",4,0.0159281945608593,82.5,21,3,3,3,2,0.666666666666667,0,NA,1.33333333333333,0.222222222222222,1.73205080756888,NA,3,0.0407407407407407,0,73.4,0.275,0.001202616,0.01404022,0.021861353,0.0210615,0.044938581,0.034667084,40.79157357,40.79157357,25.16757102,25.16757102,4.979253112,4.979253112,15.8752959,15.8752959,10.18707913,10.18707913,0.083266235,1.589628125,0.292901227,5.591750699,0.01327906,0.253509322,0.485640925,9.271326749,0.287383765,4.003357257
"4","01M04","01m04","01M04_2",11530,39571,0.298100289,0.291374997,14.93331606,"Populus","Oak","Elm",1,1,1,0,0,0,0,0,0,0,"Woody","FBOM find sand and clay",15,1,85,"flowing","AIMS",20210606,"ENVD",1,"SW","June","10:37","01M","N1B",3,381.355896,"flowing",542.8,85.4,-96.575156,39.083636,"LS",16.35121842,16.62819331,16.70814712,1,1,1,15.51594639,1.84,24.7503,"5.29",5.164930423,"some sun, cloudy",8.13,"Connor Brown, Rachel Wakefield","Ken Aho, Michael J Braus",3,0.0128585197529708,67.5,16,2,1,2,1.5,0.25,NA,NA,1,0,NA,NA,2,0.0333333333333333,0,61.2,0.024,0.013192676,0.033271039,0.005775232,0.002434341,0.060129652,0.020439514,49.27616413,49.27616413,16.42538804,16.42538804,7.56518621,7.56518621,7.768150583,7.768150583,14.46071108,14.46071108,0.076700048,1.418950885,0.294265553,5.443912733,0.008555388,0.158274677,0.424522659,7.853669189,0.137469635,0.781476948
"5","01M05","01m05","01M05_1",18449,21654,0.615907196,0.851990394,17.02008821,"Elm","Elm","Oak",1,0,1,0,0,0,0,0,0,0,"Woody","FBOM coarse sand",5,1,95,"flowing","AIMS",20210606,"ENVD",1,"SW","June","12:15","01M","N1B",3,384.7107544,"flowing",527.8,56.3,-96.574188,39.082643,"HS",15.99708767,16.13474349,16.19757807,0.982169391,0.991078067,0.99167245,15.9600172,2,19.8808,"1.6",2.666399599,"some sun, cloudy",8.18,"Connor Brown, Rachel Wakefield","Ken Aho, Michael J Braus",2,0.00924713762604314,45,9,1,0,1,1,0,NA,NA,0,0,NA,NA,1,0.0222222222222222,0,75,0.029,0.010174052,0.103943622,0.006168171,0.001847746,0.053112135,0.003450885,13.33282106,11.42813234,5.442856411,4.665305495,2.853508188,2.445864161,2.991069947,2.56377424,6.320751585,5.417787073,0.080511677,1.85176856,0.142596385,3.27971685,0.005858831,0.134753111,0.327931088,7.542415029,0,0.423767942
"6","01M06","01m06","01M06_1",15095,55215,0.020611242,0.273385855,13.46973558,"Elm","Elm","Elm",1,0,0,0,0,0,0,0,0,0,"Woody","FBOM silt",20,2,78,"flowing","AIMS",20210606,"ENVD",1,"SW","June","14:04","01M","N1B",2,394.2240906,"flowing",575.6,60.4,-96.571582,39.080649,"HS",14.76879643,15.05901859,15.15785566,1,1,1,15.75028801,2.46,10.5589,"",1.747324665,"sunny, come clouds",7.99,"Connor Brown, Rachel Wakefield","Ken Aho, Michael J Braus",1,0.00499845277083413,0,0,1,0,0,0,NA,NA,NA,NA,NA,NA,NA,0,0,9.624197983,75,0.055,0.004579653,0.019421436,0.002640662,0.048701299,0.019718557,0.003190212,35.8961842,23.93078947,26.8163697,17.8775798,5.44571909,3.630479393,20.35185153,13.56790102,8.646900649,5.764600432,0.076790429,1.850649351,0.248004646,5.976911977,0.01327242,0.31986532,0.435891417,10.50498314,0.156371151,2.761026042
"7","02M01","02m01","02M01_1",48,12640,0.775795094,0.003797468,10.92487658,"Oak","Oak","Oak",0,0,1,0,0,0,0,0,0,0,"Woody",NA,50,5,45,"flowing","AIMS",20210605,"ENVD",1,"SW","June","9:21","02M","N1A",1,353.3493958,"flowing",546.1,71.9,-96.58813,39.09188,"LS",15.83346211,16.46933086,16.46933086,1,1,1,17.50626373,0.102,24.1532,"1.1",0.690609994,"sunny, 75deg, clear",7.94,"Erin Seybold, Amy Burgin","Kevin Kuehn, Charlie Bond, Diana Diaz, Brett Nave",11,0.027746636471556,131.803571428571,10,10,10,10,5.5,8.25,0,-1.2,1.8,0.16,-1.77878118384471,1.40625,10,0.0650881834215168,8.178957107,75,0.149,NA,NA,NA,0.071862908,0.08881306,0,6.680031735,10.85505157,9.420650161,15.30855651,2.277228837,3.700496859,7.733607037,12.56711144,4.38744726,7.129601798,0.331863489,8.185966051,1.059443406,26.13293735,0.033024092,0.814594263,0.561313202,13.84572565,0.026764212,3.950119807
"8","02M02","02m02","02M02_1",3340,38271,0.321159338,0.087272347,15.41100468,"Elm","Elm","Elm",1,0,0,0,0,0,0,0,0,0,"Woody",NA,60,10,30,"flowing","AIMS",20210605,"ENVD",1,"SW","June","11:06","02M","N1A",1,356.2748718,"flowing",560.4,86.5,-96.58832556,39.09084425,"HS",15.72499257,16.30161338,16.30161338,1,1,1,16.74125099,0.235,23.732,"1.1",1.458008466,"sunny, clear, 80s",8.22,"Erin Seybold, Amy Burgin, Kaci Zarek","Brett Nave, Diana Diaz",10,0.0267625690596728,127.303571428571,18,9,9,9,5,6.66666666666667,0,-1.2,1.77777777777778,0.172839506172839,-1.61984774146812,0.734693877551018,9,0.0628659611992945,0,75,0.06,NA,NA,NA,0.020519836,0.223432052,0.031913593,4.836906408,6.449208545,10.0478331,13.3971108,3.015406485,4.02054198,2.023267105,2.697689473,8.164961159,10.88661488,0.049185536,1.174987805,0.238161543,5.689414634,0.008736904,0.208714939,0.309306951,7.388999397,0,2.234993029
"9","02M03","02m03","02M03_1",6768,38272,0.3211416,0.176839465,24.28569999,"Populus","Elm","Elm",1,1,0,0,0,0,0,0,0,0,"Woody",NA,85,2,13,"flowing","AIMS",20210605,"ENVD",1,"SW","June","13:14","02M","N2B",1,358.495636,"flowing",558.4,92.7,-96.58859,39.08991,"HS",15.89609212,16.3893829,16.3893829,1,1,1,15.93150425,0.36,20.3529,"1.9",2.808448387,"sunny (relentless)",8.15,"Erin Seybold, Amy Burgin, Kaci Zarek","Brett Nave, Diana Diaz",9,0.0256048426927514,122.303571428571,24,8,8,8,4.5,5.25,0,-1.2,1.75,0.1875,-1.44016459964619,0,8,0.0603968253968254,0,75,0.065,NA,NA,NA,0,0.011451176,0.019143049,32.56002533,49.7976858,20.30060883,31.04798997,7.836004769,11.98447788,8.083198454,12.36253881,13.3110333,20.35805093,0.117995365,2.678494778,0.317427701,7.205608814,0.018909514,0.429245958,0.410923447,9.327962251,0,1.401790687
"10","02M04","02m04","02M04_1",7010,29327,0.479805594,0.239028881,10.9284325,"Populus","Populus","Populus",0,1,0,0,0,0,0,0,0,0,"Woody",NA,60,10,30,"flowing","AIMS",20210605,"ENVD",1,"SW","June","15:00","02M","N2B",1,364.2157288,"flowing",558,96.9,-96.589642,39.088242,"",NA,NA,NA,NA,NA,NA,16.02225113,0.62,18.9885,"1.615",2.393399355,"sunny, clear skies",8.12,"Erin Seybold, Amy Burgin, Kaci Zarek","Brett Nave, Diana Diaz",8,0.0242428116728439,116.678571428571,28,7,7,7,4,4,0,-1.2,1.71428571428571,0.204081632653061,-1.22963409191515,-0.840000000000003,7,0.0576190476190476,10.68700743,75,0.025,NA,NA,NA,0.029319093,0.125231239,0,7.898283795,12.75876613,6.101602121,9.856434195,5.079331756,8.205074375,2.593797827,4.189981105,3.884932745,6.275660588,0.099043892,1.944861885,0.209575634,4.115303361,0.015938098,0.31296628,0.515087275,10.11444104,0.239295115,2.345128552
"11","02M05","02m05","02M05_1",12792,17915,0.682228568,0.714038515,10.72256042,"Elm","Elm","Elm",1,0,0,0,0,0,0,0,0,0,"Mixed",NA,85,5,10,"flowing","AIMS",20210605,"ENVD",1,"SW","June","16:21","02M","N2B",1,367.7589417,"flowing",564,28.1,-96.59082413,39.08698067,"",NA,NA,NA,NA,NA,NA,16.33888054,0.809,17.783,"2.1",1.63363215,"sunny",8.18,"Erin Seybold, Amy Burgin, Kaci Zarek","Brett Nave, Diana Diaz",7,0.0226404222376585,110.25,30,6,6,6,3.5,2.91666666666667,0,-1.2,1.66666666666667,0.222222222222222,-0.968245836551855,-1.875,6,0.0544444444444444,11.02244728,75,0.288,NA,NA,NA,0.038715272,0.002280977,0.014920164,4.63440619,6.951609286,4.188732301,6.283098451,2.358859551,3.538289327,3.522382556,5.283573834,3.717528404,5.576292606,0.025645499,0.681030468,0.118610432,3.149765916,0.003205687,0.085128809,0.340178069,9.033617617,0.059506092,6.223554005
"12","02M06","02m06","02M06_1",14020,56003,0.006633911,0.250343732,14.45588754,"Populus","Populus","Populus",0,1,0,0,0,0,0,0,0,0,"Woody",NA,80,5,15,"flowing","AIMS",20210606,"ENVD",1,"SW","June","17:50","02M","N2B",1,369.4064026,"flowing",561.2,46.9,-96.591427,39.087237,"HS",16.0858841,16.22218587,16.26795281,1,1,1,15.4359417,0.88,15.6919,"1.1",3.552439129,"sunny",8.16,"Erin Seybold, Amy Burgin, Kaci Zarek","Brett Nave, Diana Diaz",6,0.020755258196264,102.75,30,5,5,5,3,2,0,-1.2,1.6,0.24,-0.608580619450185,-3.33333333333333,5,0.0507407407407407,15.65461676,75,0.046,NA,NA,NA,0,0.082715891,0.003142184,10.37605758,14.91558277,13.16578544,18.92581658,2.370187393,3.407144377,5.129287646,7.373350992,2.6767594,3.847841638,0.124554548,2.044770502,0.244188423,4.008759948,0.01271174,0.208684397,0.518181323,8.506810057,0.099650254,1.635925011
"13","02M07","02m07","02M07_1",47737,55997,0.006740337,0.852492098,13.24096219,"Elm","Populus","Populus",1,1,0,0,0,0,0,0,0,0,"Mixed",NA,85,5,10,"flowing","AIMS",20210606,"ENVD",1,"SW","June","10:05","02M","N2B",1,373.2965393,"flowing",568.6,14.6,-96.59252,39.08648,"HS",15.51903418,15.69292193,15.73883414,1,1,1,15.26016903,1.04,14.1328,"",3.813568313,"cloudy, cool, breeze",7.97,"Amy Burgin, Kaci Zarek","Brett Nave, Brooke Vogt",5,0.0185374181475645,93.75,28,4,4,4,2.5,1.25,0,-1.2,1.5,0.25,0,-6,4,0.0462962962962963,197.1425769,75,0.259,NA,NA,NA,0,0.071452638,0,3.823009705,4.50569001,4.543937201,5.355354558,3.344385642,3.941597364,2.801213647,3.30143037,3.402166056,4.009695708,0.117415264,2.594877336,0.308896881,6.826621061,0.01291855,0.285499951,0.533933276,11.79992539,0.110693484,2.446325996
"14","02M08","02m08","02M08_1",2595,29454,0.477552903,0.088103483,18.62019149,"Populus","Oak","Oak",0,1,1,0,0,0,0,0,0,0,"Woody",NA,85,5,10,"flowing","AIMS",20210606,"ENVD",1,"SW","June","11:30","02M","N2B",1,376.8670044,"flowing",566,51,-96.592913,39.085573,"HS",15.38466568,15.59371004,15.64881332,1,1,1,15.93290806,1.2,12.9671,"1.3",1.787641455,"overcast, breezy",7.98,"Erin Seybold, Amy Burgin, Kaci Zarek","Brett Nave, Brooke Vogt",4,0.0159281945608593,82.5,24,3,3,3,2,0.666666666666667,0,NA,1.33333333333333,0.222222222222222,1.73205080756888,NA,3,0.0407407407407407,2.891405137,75,0.04,NA,NA,NA,0.033756778,0.154913256,0.010177401,14.02962865,15.90024581,9.61982334,10.90246645,6.169505693,6.992106452,3.600159979,4.08018131,2.574207653,2.917435341,0.207205146,0,0.713171201,0,0.022831575,0,0.915632179,0,0.409916493,0
"15","02M09","02m09","02M09_1",15063,55998,0.0067226,0.26899175,13.91128308,"Oak","Oak","Oak",0,0,1,0,0,0,0,0,0,0,"Woody",NA,80,5,15,"flowing","AIMS",20210606,"ENVD",1,"SW","June","12:54","02M","N2B",1,379.9472046,"flowing",557.7,40.6,-96.59339,39.08482,"HS",15.52729569,15.62343494,15.66680083,1,1,1,14.74790478,1.33,9.8943,"1.3",4.453773322,"75, overcast",7.71,"Erin Seybold, Amy Burgin, Kaci Zarek","Brett Nave, Brooke Vogt",3,0.0128585197529708,67.5,18,2,1,2,1.5,0.25,NA,NA,1,0,NA,NA,2,0.0333333333333333,0,75,0.209,NA,NA,NA,0.012916159,0.001121492,0.072889149,92.81030685,92.81030685,69.39962092,69.39962092,10.27099022,10.27099022,10.08365701,10.08365701,35.68701657,35.68701657,0.100052723,4.235565277,0.206291502,8.733006901,0.011565234,0.489594911,0.386067767,16.34353546,0.243223045,17.86923465
"16","02M10","02m10","02M10_1",2280,26908,0.522713163,0.084733165,12.22170544,"Oak","Populus","Populus",0,1,1,0,0,0,0,0,0,0,"Mixed",NA,75,5,20,"flowing","AIMS",20210606,"ENVD",1,"SW","June","15:00","02M","N2B",1,387.2233887,"flowing",541.4,27.1,-96.59357,39.08251,"HS",15.42985141,15.6312342,15.68870229,1,1,1,14.12819386,1.6,6.1497,"1.7",5.140935224,"sunny",7.89,"Erin Seybold, Amy Burgin","Brett Nave, Kaci Zarek",2,0.00924713762604314,45,10,1,0,1,1,0,NA,NA,0,0,NA,NA,1,0.0222222222222222,0,75,0.088,NA,NA,NA,0.039536943,0.152039512,0.008659615,17.96200828,17.96200828,11.09993434,11.09993434,8.388790316,8.388790316,6.33765199,6.33765199,4.964494059,4.964494059,0.1034389,1.427456822,0.204579158,2.823192381,0.018826974,0.259812247,0.511790548,7.062709557,0.390059677,5.270147274
"17","02M11","02m11","02M11_1",37946,51570,0.085265268,0.735815397,15.68002501,NA,NA,NA,0,0,0,0,0,0,0,0,0,0,"Prairie",NA,92,0,8,"flowing","AIMS",20210606,"ENVD",1,"SW","June","16:40","02M","N2B",1,401.5448608,"flowing",566.9,0,-96.593682,39.079249,"HS",18.03800892,17.57932342,17.58943789,1,1,1,14.58442116,2,2.6741,"0.25",1.420063582,"BLANK",8.02,"Erin Seybold, Amy Burgin, Kaci Zarek","Brett Nave",1,0.00499845277083413,0,0,1,0,0,0,NA,NA,NA,NA,NA,NA,NA,0,0,47.87184038,75,0.066,NA,NA,NA,0.049471104,0.054887518,0,NA,NA,NA,NA,NA,NA,NA,NA,NA,NA,0.073077337,1.640918389,0.298445614,6.701460597,0.012179556,0.273486398,0.515145751,11.56736369,0.314208653,5.217733144
"18","04M01","04m01","04M01_1",25237,44757,0.206112422,0.563867105,14.82271488,"Elm","Oak","Populus",1,1,1,0,0,0,0,0,0,0,"Woody",NA,NA,NA,NA,"flowing","AIMS",20210603,"ENVD",1,"SW","June","11:15","04M","N2B",2,355.1574097,"flowing",534.5,76,-96.586195,39.089842,"HS",15.25973254,15.88678231,15.88678231,1,1,1,16.12752151,0.32,39.7602,"2",4.50414143,"hot, clear, sunny",8.33,"Jess Wilhelm, Sarah Flynn","Kevin Kuehn, Charlie Bond",18,0.0434710193280696,235.269480519481,34,17,17,17,5.76470588235294,11.7093425605536,0.240079174417989,-1.12368305704657,1.76470588235294,0.41522491349481,0.291072092380845,-0.505142857142856,12,0.116182459515793,0,74.9,0.269,0.006048152,0.048887616,0.006835439,0.018326206,0.098210858,0.006093103,16.8096028,25.61463283,6.861117733,10.45503655,2.268048408,3.456073765,3.015185295,4.594568068,3.920619946,5.974278013,0.111118925,2.389056896,0.203952458,4.384977847,0.010314837,0.221768995,0.556025381,11.95454568,0.239228867,6.280798476
"19","04M02","04m02","04M02_1",25821,44762,0.206023733,0.5768509,14.72089853,"Oak","Oak","Populus",0,1,1,0,0,0,0,0,0,0,"Mixed",NA,NA,NA,NA,"flowing","AIMS",20210605,"ENVD",1,"SW","June","14:50","04M","N2B",2,362.0723267,"flowing",534.6,6.3,-96.58481,39.08775,"HS",15.27976226,15.7386171,15.7386171,1,1,1,15.95807076,0.66,30.2096,"3",4.055731079,"sunny! Hot! Clear sky!",8.17,"Jess Wilhelm, Sarah Flynn","Kevin Kuehn, Charlie Bond",14,0.0324033232555416,151.323051948052,39,13,13,13,6,8.61538461538461,0,-0.825000000000001,1.84615384615385,0.437869822485207,0.203341903993122,-0.496208247559599,11,0.0747274330607664,0,36.4,0.043,0,0.040559333,0.00255664,0.047336113,0.096859311,0.058028157,3.947685235,8.882291778,2.876248565,6.471559272,0.780631127,1.756420036,4.17838968,9.401376779,4.17838968,9.401376779,0.097111287,0.999675012,0.316325736,3.25629434,0.014638098,0.150686307,0.709145128,7.300023378,0.245227052,3.604302296
"20","04M03","04m03","04M03_1",2928,11199,0.801355163,0.261451915,22.92420305,"Oak","Elm","Elm",1,0,1,0,0,0,0,0,0,0,"Mixed",NA,NA,NA,NA,"flowing","AIMS",20210605,"ENVD",1,"SW","June","","04M","N4D",2,364.9915771,"flowing",521.4,26,-96.58366,39.08685,"HS",15.0523477,15.62947955,15.62947955,1,1,1,17.71474266,0.81,29.302,"1.3",0.680164765,"hot, partly cloudly",8.16,"Jess Wilhelm, Sarah Flynn","Kevin Kuehn, Charlie Bond",13,0.0322410240996558,150.553571428571,48,12,12,12,5.41666666666667,7.07638888888889,0.0914798520756963,-0.817479855271915,1.83333333333333,0.472222222222222,0.262260911442536,-0.685121107266436,10,0.074347442680776,9.618698969,56,0.534,0.017241906,0.340488568,0.01425926,0.020117576,0.091890905,0.002631075,6.176376711,8.749867007,7.065582697,10.00957549,2.128887303,3.01592368,6.424338943,9.101146836,5.781905049,8.191032153,0.12574688,2.101769286,0.276582681,4.622881962,0.025491956,0.426079831,0.491678763,8.218059317,0,6.430997808
"21","04M04","04m04","04M04_1",21755,35170,0.376164039,0.61856696,15.08753142,"Oak","Elm","Elm",1,0,1,0,0,0,0,0,0,0,"Woody",NA,NA,NA,NA,"flowing","AIMS",20210605,"ENVD",1,"SW","June","16:03","04M","N4D",2,367.722168,"flowing",548.1,65.6,-96.58345,39.08576,"HS",14.93836553,15.36597026,15.36597026,1,1,1,15.89907742,0.95,28.413,"1.7",4.046366321,"sunny",8.17,"Jess Wilhelm, Sarah Flynn","Kevin Kuehn, Charlie Bond",12,0.0320500839162608,151.303571428571,55,11,12,11,4.81818181818182,5.78512396694215,0.203869277272824,-0.858,1.81818181818182,0.512396694214876,0.329416527858092,-0.877558099202219,9,0.0747178130511464,0,65.9,0.911,0.00858875,0.147273358,0.002507255,0.042149631,0.012668397,0,5.945072382,12.38556746,6.385724732,13.30359319,1.776301987,3.700629139,3.593721157,7.486919078,7.151142101,14.89821271,0.18855722,2.796932099,0.41868016,6.210422375,0.024687518,0.366198191,0.513015502,7.609729939,0.27638092,5.371499137
"22","04M05","04m05","04M05_1",50429,56184,0.003423382,0.897568703,13.38573544,"Elm","Oak","Populus",1,1,1,0,0,0,0,0,0,0,"Woody",NA,NA,NA,NA,"flowing","AIMS",20210605,"ENVD",1,"SW","June","17:25","04M","N4D",2,370.0584717,"flowing",559,96.9,-96.5831,39.08502,"HS",14.80410104,15.18022305,15.18022305,1,1,1,16.17440605,1.06,23.8689,"2",2.583657999,"sunny, cooler in shade, breezy",8.04,"Jess Wilhelm, Sarah Flynn","Kevin Kuehn, Charlie Bond",11,0.0318254484063843,156.053571428571,60,10,10,10,4.2,4.76,0.312418635808514,-0.947761457524187,1.8,0.36,0.131761569173682,0.178571428571428,8,0.0770634920634921,11.48736393,67.8,0.414,0.008686178,0.086590373,0.006701682,0,0.01844514,0.032072735,13.22336253,17.98377305,4.416371324,6.006265,4.269015883,5.8058616,3.879968983,5.276757816,4.019035971,5.465888921,0.122567643,2.466673821,0.523226828,10.52993991,0.020119361,0.404902148,0.595118378,11.97675736,0.240186175,5.523596093
"23","04M06","04m06","04M06_1",5531,38284,0.320928748,0.144472887,14.35492242,"Elm","Populus","Populus",1,1,0,0,0,0,0,0,0,0,"Woody",NA,NA,NA,NA,"flowing","AIMS",20210606,"ENVD",1,"SW","June","8:30","04M","N4D",2,372.0547791,"flowing",557.2,84.4,-96.58342,39.084258,"HS",15.11215453,17.15255019,17.47975711,1,0.594052045,0.554476058,15.63758564,1.2,23.3323,"1.5",4.314900413,"hot, cloudy, breezy",8.1,"Jess Wilhelm, Sarah Flynn","Kevin Kuehn, Charlie Bond",10,0.0315611713359414,176.678571428571,63,9,9,9,3.55555555555556,4.02469135802469,0.351746410669439,-1.01486695020513,1.55555555555556,0.691358024691358,-0.214051308694001,0.144314868804665,7,0.0872486772486772,0,71.9,1.15,0.008451761,0.093715248,0.033005512,0.043236566,0.005308097,0,43.15352697,53.94190871,12.49214692,15.61518365,6.5593361,8.199170124,6.835972513,8.544965641,11.06184643,13.82730804,0.070398324,2.041551406,0.160462577,4.653414744,0.007600359,0.220410408,0.440511846,12.77484354,0,0
"24","04M07","04m07","04M07_1",14069,56194,0.003246005,0.250364808,13.72681105,"Elm","Elm","Populus",1,1,0,0,0,0,0,0,0,0,"Woody",NA,NA,NA,NA,"flowing","AIMS",20210606,"ENVD",1,"SW","June","10:00","04M","N4D",2,376.434906,"flowing",557.3,70.8,-96.58253,39.08278,"HS",14.79667162,14.99342007,15.02938931,1,1,1,17.33314705,1.4,15.1506,"1.7",0.515087173,"overcast, mild temps",8.11,"Jess Wilhelm, Sarah Flynn","Kevin Kuehn, Charlie Bond",8,0.0262518043645862,132.75,56,7,7,7,3.28571428571429,2.77551020408163,0.367755174414405,-1.12993079584775,1.71428571428571,0.204081632653061,-1.22963409191515,-0.840000000000003,6,0.0655555555555556,40.86109737,71.9,1.118,0.007985969,0.302531789,0.016935407,0.004973659,0,0.077232005,25.7624656,28.33871216,7.087937932,7.796731725,5.305863305,5.836449635,6.33765199,6.97141719,5.160659478,5.676725426,0.031672097,0.977875993,0.133200408,4.112562586,0.004538681,0.140131762,0.420088695,12.97023846,0.151991041,0.269030246
"25","04M08","04m08","04M08_1",54429,56153,0.003973252,0.969298168,13.39451053,"Sedge","Sedge","Forbs",0,0,0,0,1,0,0,1,0,0,"Prairie",NA,NA,NA,NA,"stagnant","AIMS",20210606,"ENVD",1,"SW","June","11:40","04M","N4D",2,380.3074036,"flowing",558.3,31.3,-96.58221,39.08131,"HS",14.76237741,14.94427509,14.97108952,1,1,1,15.45113182,1.6,13.8929,"2.3",3.098705989,"overcast, mild, somewhat windy",7.73,"Jess Wilhelm, Sarah Flynn","Kevin Kuehn, Charlie Bond",7,0.025003943051473,147.75,54,6,5,6,2.66666666666667,2.22222222222222,0.382732772309872,-1.48125,1.33333333333333,0.555555555555556,-0.857321409974112,-0.299999999999999,5,0.072962962962963,110.9540301,83,0.691,0.030566689,0.123728083,0.034673194,0,0.046494294,0.002711943,15.84218632,31.68437264,16.64655739,33.29311478,1.592393135,3.184786269,12.01457005,24.0291401,42.20991806,84.41983612,0.069527104,1.599123402,0.218160603,5.017693876,0.007519228,0.172942235,0.3914914,9.0043022,0.050171202,6.520314199
"26","04M09","04m09","04M09_1",13835,56154,0.003955514,0.246376037,14.56688873,"Populus","Elm","Unknown",1,1,0,0,0,0,0,0,1,0,"Mixed",NA,NA,NA,NA,"flowing","AIMS",20210606,"ENVD",1,"SW","June","15:30","04M","N4D",2,384.8762207,"flowing",546.1,32.3,-96.581629,39.079941,"HS",15.46200594,15.59828253,15.63621096,1,1,1,15.01551914,1.8,8.4654,"1.2",2.919221629,"cloudy, hot",8.07,"Jess Wilhelm, Sarah Flynn","Kevin Kuehn, Charlie Bond",5,0.0185374181475645,93.75,40,4,4,4,2.5,1.25,0,-1.2,1.5,0.25,0,-6,4,0.0462962962962963,69.10203392,40.5,1.668,0.004389993,0.100531059,0.009524373,0.04063893,0.118660894,0,72.86123993,64.76554661,24.64257948,21.9045151,5.251697267,4.668175349,14.60812141,12.98499681,14.18925054,12.61266715,0.084309082,2.242621593,0.212581317,5.654663027,0.012892148,0.342931135,0.403007475,10.71999883,0,5.959570905
"27","04M10","04m10","04M10_1",12190,56175,0.003583021,0.217000445,13.96868678,"Elm","Populus","Populus",1,1,0,0,0,0,0,0,0,0,"Woody",NA,NA,NA,NA,"dry","AIMS",20210606,"ENVD",1,"SW","June","16:30","04M","N4D",2,393.9353333,"flowing",555,62.5,-96.58289,39.077433,"HS",15.49735513,15.61895167,15.65964608,1,1,1,14.87435055,2.1,6.5928,"0.6",2.618615199,"cloudy, hot",8.07,"Jess Wilhelm, Sarah Flynn","Kevin Kuehn, Charlie Bond",4,0.0159281945608593,82.5,33,3,3,3,2,0.666666666666667,0,NA,1.33333333333333,0.222222222222222,1.73205080756888,NA,3,0.0407407407407407,NA,33.5,0.164,0,0.121565708,0.00664096,0.041419805,0.076096283,0.067553646,54.52999916,54.52999916,47.29347416,47.29347416,12.68432946,12.68432946,18.46972866,18.46972866,81.52653665,81.52653665,0.220121535,3.27430783,0.471642759,7.015686043,0.04294528,0.638811038,0.397527039,5.913214701,0.23974886,4.72904241
"28","04M11","04m11","04M11_1",4272,56174,0.003600759,0.076049418,14.44124951,"Grass","Grass","Shrub",0,0,0,0,1,0,0,0,1,0,"Prairie","Very silty and gravel",15,20,65,"flowing","AIMS",20210607,"ENVD",1,"SW","June","13:45","04M","N4D",2,404.717041,"flowing",528.5,37.5,-96.583835,39.074718,"HS",15.80325409,15.53535316,15.59864021,1,1,1,13.76612186,2.5,2.8759,"0.57",3.458180553,"80s, sunny",8.25,"Eva Burke, Bri Richards","Charlie Bond, Harley-Payj Leatherman",3,0.0128585197529708,67.5,24,2,1,2,1.5,0.25,NA,NA,1,0,NA,NA,2,0.0333333333333333,19.96584378,54.3,0.268,0.03424522,0.199396963,0.016080893,0.017060596,0,0.020994969,23.15583218,7.718610727,37.46350085,12.48783362,2.850776087,0.950258696,27.97281147,9.324270491,25.1842446,8.394748199,0.305679038,4.585185565,0.320947721,4.814215813,0.012825694,0.192385408,0.277053382,4.155800723,0.010776736,0
"29","04M12","04m12","04M12_1",10643,40546,0.280806002,0.262491984,13.88961895,"Grass","Grass","Elm",1,0,0,0,1,0,0,0,0,0,"Prairie","Sily clay gravel",40,1,30,"flowing","AIMS",20210607,"ENVD",1,"SW","June","14:22","04M","N4D",1,407.2463074,"flowing",569.1,72.9,-96.584063,39.073158,"HS",15.04872214,15.04682528,15.21936239,1,1,1,14.38844585,2.7,2.2526,"2.7",1.45519363,"80s, hot as heck",8.21,"Bri Richards, Eva Burke, Sam Thomas","Lydia Zeglin, Charlie Bond, Harley-Payj Leatherman",2,0.00924713762604314,45,13,1,0,1,1,0,NA,NA,0,0,NA,NA,1,0.0222222222222222,138.4690968,83.6,0.179,0.008142936,0.173609946,0.009017896,0.087616822,0,0.007305976,60.7076994,45.53077455,50.6928436,38.0196327,8.394805594,6.296104195,25.8647877,19.39859078,59.26949507,44.4521213,0.107208337,0.921991701,0.32090307,2.759766405,0.011069772,0.095200041,0.637444617,5.482023703,0.357468078,0
"30","04M13","04m13","04M13_1",4719,51568,0.085300743,0.091510239,17.22484603,"Elm","Forb","Grass",1,0,0,0,1,0,0,1,0,0,"Prairie","Silty clay loam",50,4,35,"dry","AIMS",20210607,"ENVD",1,"SW","June","16:13","04M","N4D",1,407.2463074,"dry",NA,50,-96.584299,39.070814,"HS",20.93713224,19.98362082,20.19476903,0.185735513,0.189591078,0.290826285,14.38844585,2.93,2.2526,"",1.45519363,"80s, sunny",NA,"Bri Richards, Eva Burke, Sam Thomas","Lydia Zeglin, Charlie Bond, Harley-Payj Leatherman",1,0.00499845277083413,0,0,1,0,0,0,NA,NA,NA,NA,NA,NA,NA,0,0,NA,52.1,0.552,0.187438992,0.776497554,0.009929169,NA,NA,NA,41.50874995,46.69734369,16.06356862,18.0715147,8.624242926,9.702273291,5.580964201,6.278584726,4.512268928,5.076302544,0.646166751,3.656358198,1.299235149,7.351769622,0.174362457,0.986636339,0.648521858,3.669684659,0.100763657,0
"31","04T01","04t01","04T01_1",2611,44751,0.206218848,0.058345065,16.84455476,"Elm","Elm","Grass",1,0,0,0,1,0,0,0,0,0,"Prairie","Silty clay",60,1,40,"dry","AIMS",20210604,"ENVD",1,"SW","June","9:36","04M","N4B",1,379.5954285,"dry",NA,10.4,-96.584301,39.082362,"HS",16.21178306,17.83773419,17.83773419,0.621099554,0.68694956,0.68694956,14.6586132,1.45,6.65,"",3.276013653,"80s",NA,"Bri Richards, Eva Burke, Sam Thomas","Lydia Zeglin, Charlie Bond, Harley-Payj Leatherman",1,0.00499845277083413,0,0,1,0,0,0,NA,NA,NA,NA,NA,NA,NA,0,0,NA,57.1,0.044,0.020698746,0.206249314,0.000399995,NA,NA,NA,2.561952578,8.474150834,1.523156038,5.03813151,0.592910988,1.961167114,2.52444319,8.350081321,3.259069515,10.77999917,0.197378702,2.289592941,0.373905529,4.337304138,0.016376815,0.18997105,0.393355308,4.562921571,0,0
"32","04T02","04t02","04T02_1",7052,19708,0.650424819,0.357824234,13.64136087,"Grass","Grass","Elm",1,0,0,0,1,0,0,0,0,0,"Prairie","Sandy silt and OM",40,20,40,"flowing","AIMS",20210607,"ENVD",1,"SW","June","11:00","04M","N4B",1,387.0223694,"flowing",546.1,1,-96.580834,39.079705,"HS",16.33662478,16.26803092,16.36318086,1,1,1,13.50106335,1.8,3.6848,"",5.763167458,"80s",8.25,"Bri Richards, Eva Burke, Sam Thomas","Lydia Zeglin, Charlie Bond, Harley-Payj Leatherman",1,0.00499845277083413,0,0,1,0,0,0,NA,NA,NA,NA,NA,NA,NA,0,0,16.13153125,50.9,0.389,0.028348403,0.247042051,0.013527639,0.071627979,0.149517739,0,46.6473029,46.6473029,31.51659751,31.51659751,1.780082988,1.780082988,22.62772632,22.62772632,32.90633403,32.90633403,0.163973351,1.929098249,0.419473646,4.934984065,0.010832179,0.127437399,0.373848284,4.39821511,0.194316172,0
"33","04W01","04w01","04W01_1",1484,38281,0.320981961,0.038765967,16.93138084,"Populus","Populus","Oak",0,1,1,0,0,0,0,0,0,0,"Woody","Sandy silty loam",90,1,10,"dry","AIMS",20210607,"ENVD",1,"SW","June","8:40","04W","N2B",1,360.5698242,"dry",NA,64.6,-96.58543,39.08816,"HS",19.60074294,18.54882528,18.55940143,0.684992571,0.842379182,0.862068966,14.72917557,0.6,7.6246,"dry",3.499689997,"hot, sunny",NA,"Sarah Flynn, Jess Wilhelm, Kaci Zarek","Ken Aho, Michael J Braus",3,0.0128585197529708,67.5,6,2,1,2,1.5,0.25,NA,NA,1,0,NA,NA,2,0.0333333333333333,NA,75,0.027,0.008607561,0.06979306,0,NA,NA,NA,9.919322615,10.31609552,13.9093879,14.46576342,2.098253163,2.18218329,3.947685457,4.105592876,1.842253213,1.915943342,0.126470537,3.651836754,0.164100473,4.738401157,0.006884675,0.198794991,0.326366581,9.423835013,0,0
"34","04W02","04w02","04W02_1",310,11571,0.794756727,0.026791116,10.43837438,"Elm","Elm","Populus",1,1,0,0,0,0,0,0,0,0,"Woody","Silty clay loam",60,1,40,"flowing","AIMS",20210607,"ENVD",1,"SW","June","9:44","04W","N2B",1,370.9928284,"flowing",541.2,95.8,-96.58689,39.08609,"HS",16.4933581,16.48085502,16.58824333,1,1,1,14.14491558,0.88,6.1046,"1.1",5.019240788,"warm, sunny",8.08,"Sarah Flynn, Jess Wilhelm, Kaci Zarek","Ken Aho, Michael J Braus",2,0.00924713762604314,45,4,1,0,1,1,0,NA,NA,0,0,NA,NA,1,0.0222222222222222,0,56.5,0.036,0.003030248,0.015253843,0.008835542,0,0.099049502,0,37.42050785,37.42050785,9.894235973,9.894235973,11.5432753,11.5432753,12.05654642,12.05654642,4.977892272,4.977892272,0.165970331,3.15343629,0.547762887,10.40749486,0.018643798,0.35423216,1.159279415,22.02630889,0.694824615,10.97862145
"35","04W03","04w03","04W03_1",2048,18654,0.669120386,0.109788785,13.10413263,"Elderberry","none","none",0,0,0,0,0,1,0,0,0,0,"Mixed","Sandy",80,1,20,"flowing","AIMS",20210607,"ENVD",1,"SW","June","10:44","04W","N2B",1,382.2555237,"flowing",555.9,34.4,-96.58803867,39.08385954,"HS",17.07074294,16.9175539,16.97934938,1,1,1,13.66539764,1.2,4.2006,"2",5.575492804,"suuny, warm",8.16,"Sarah Flynn, Jess Wilhelm, Kaci Zarek","Ken Aho, Michael J Braus",NA,NA,NA,NA,NA,NA,NA,NA,NA,NA,NA,NA,NA,NA,NA,NA,NA,29.79008235,75,0.019,0.002703704,0.05206687,0.002724692,0.066185319,0,0.01426985,29.6469187,29.6469187,30.26548333,30.26548333,25.90607551,25.90607551,11.88253162,11.88253162,4.008564884,4.008564884,0.061444833,1.609854613,0.176284956,4.618665856,0.010106646,0.264794136,0.705090042,18.4733591,0,0.319394284
"36","04W04","04w04","04W04_1",20950,43802,0.223051954,0.478288663,11.23369641,"Elm","none","none",1,0,0,0,0,0,0,0,0,0,"Woody",NA,NA,NA,NA,"flowing","AIMS",20210607,"ENVD",1,"SW","June","12:00","04W","N2B",1,391.0866699,"flowing",561.7,93.8,-96.58866,39.08223,"HS",17.81424963,17.18182156,17.34407287,0.087667162,0.335315985,0.41834743,14.39993095,1.4,2.9436,"0.5",1.879598913,"sunny, hot",8.02,"Sarah Flynn, Jess Wilhelm, Kaci Zarek","Ken Aho, Michael J Braus",1,0.00499845277083413,0,0,1,0,0,0,NA,NA,NA,NA,NA,NA,NA,0,0,0,71.2,0.021,0.004868797,0.021584517,0.006360971,0,0,0.000969509,47.97717842,47.97717842,10.04927386,10.04927386,4.17639177,4.17639177,30.30349007,30.30349007,3.781371377,3.781371377,0.063931705,0.877995418,0.280921581,3.857989719,0.011232664,0.154261921,0.801057611,11.00119119,0.108239772,3.925395912
"37","20M01","20m01","20M01_1",2331,43682,0.225180481,0.053362941,17.58322124,"Oak","Oak","Oak",0,0,1,0,0,0,0,0,0,0,"Mixed","Clay and sand",NA,NA,NA,"dry","AIMS",20210605,"ENVD",1,"SW","June","15:41","20M","N20B",1,371.0545349,"dry",NA,13.5,-96.57694,39.08838,"HS",16.67286776,18.72119703,18.72119703,0.145616642,0.185873606,0.185873606,14.87513256,1.31,18.9453,"",7.481488741,"90s, sunny",NA,"Eva Burke, Bri Richards","Eva Burke, Lydia Zeglin",4,0.0159281945608593,82.5,18,3,3,3,2,0.666666666666667,0,NA,1.33333333333333,0.222222222222222,1.73205080756888,NA,3,0.0407407407407407,NA,75,0.838,0.267567588,0.258337717,0.129089239,NA,NA,NA,14.73428615,15.47100046,16.77639465,17.61521438,7.71312945,8.098785923,3.308435415,3.473857186,-0.065730505,-0.06901703,0.256316053,3.467011876,0.578429714,7.82402297,0.032980642,0.446106573,0.567203213,7.672169773,0,0
"38","20M02","20m02","20M02_1",4417,42685,0.242864998,0.103478974,14.85839405,"Populus","Populus","Populus",0,1,0,0,0,0,0,0,0,0,"Mixed","Sandy clay",NA,NA,NA,"stagnant","AIMS",20210605,"ENVD",1,"SW","June","16:27","20M","N20B",1,378.9335327,"dry",NA,0,-96.5737,39.08921,"HS",14.59120357,15.59831227,15.59831227,1,1,1,16.0319767,1.65,16.3166,"",2.037042638,"90s, sunny",NA,"Eva Burke, Bri Richards","Lydia Zeglin, Harley-Payj Leatherman",3,0.0128585197529708,67.5,14,2,1,2,1.5,0.25,NA,NA,1,0,NA,NA,2,0.0333333333333333,235.0942724,62.5,0.087,0.315654945,0.371368967,0.012923002,0.11227154,0.12235956,0.014470988,5.89775114,5.89775114,89.31304749,89.31304749,8.933285522,8.933285522,20.93914949,20.93914949,10.49364273,10.49364273,0.59651487,8.284928746,0.406869771,5.650969035,0.019902784,0.276427556,0.354691159,4.9262661,0,0
"39","20M03","20m03","20M03_1",0,2013,0.96429395,0,20.30787879,"Elm","Elm","Elm",1,0,0,0,0,0,0,0,0,0,"Woody","Sandy gravel clay",96,3,1,"dry","AIMS",20210605,"ENVD",1,"SW","June","17:00","20M","N20B",1,385.9613342,"dry",NA,35.4,-96.57178,39.08822,"HS",14.70236324,17.07536758,17.07536758,1,0.884853853,0.884853853,15.66395473,1.91,9.0899,"",1.639925733,"90s, sunny",NA,"Eva Burke, Bri Richards","Lydia Zeglin, Harley-Payj Leatherman",NA,NA,NA,NA,NA,NA,NA,NA,NA,NA,NA,NA,NA,NA,NA,NA,NA,NA,82.9,0.159,0.007077316,0.091278378,0.00207101,NA,NA,NA,22.48501614,24.85185994,8.054402951,8.90223484,4.628861226,5.116109777,5.19868539,5.745915431,3.376157753,3.73154278,0.133322148,2.580735859,0.44005632,8.518233045,0.015124346,0.29276413,0.456159848,8.829951337,0,0
"40","20M04","20m04","20M04_1",5125,35991,0.361601362,0.14239671,19.1380384,"Elm","Elm","Elm",1,0,0,0,0,0,0,0,0,0,"Woody",NA,70,15,15,"stagnant","AIMS",20210606,"ENVD",1,"SW","June","9:25","20M","N20B",1,389.7962036,"flowing",544.1,76,-96.57111,39.08709,"HS",15.98811293,16.32228253,16.37583622,1,1,1,15.41920757,2.06,8.6075,"",1.983258448,"70s, overcast",8.24,"Eva Burke, Bri Richards","Lydia Zeglin, Harley-Payj Leatherman",2,0.00924713762604314,45,8,1,0,1,1,0,NA,NA,0,0,NA,NA,1,0.0222222222222222,98.40627983,66.4,0.734,0.004175948,0.045928166,0.029385701,0.009843831,0.089515241,0.056173431,40.64477094,40.64477094,8.420463815,8.420463815,4.147765559,4.147765559,9.553488042,9.553488042,11.49657036,11.49657036,0.05935709,0.949713436,0.362109654,5.793754456,0.010677995,0.17084792,0.483368393,7.733894293,0,0
"41","20M05","20m05","20M05_1",8275,35274,0.374319315,0.234592051,14.70540483,"Rubrus","Populus","Elm",1,1,0,0,0,0,1,0,0,0,"Mixed",NA,92,1,7,"flowing","AIMS",20210606,"ENVD",1,"SW","June","10:53","20M","N20B",1,401.0048828,"flowing",529.8,4.2,-96.568,39.086,"HS",15.84432392,16.17125651,16.24164469,1,1,1,13.70702839,2.4,5.444,"",6.919350964,"70s, overcast",8.13,"Eva Burke, Bri Richards","Lydia Zeglin, Harley-Payj Leatherman",1,0.00499845277083413,0,0,1,0,0,0,NA,NA,NA,NA,NA,NA,NA,0,0,24.12009895,89.7,0.279,0,0.0761339,0.002959642,0.032051282,0,0,38.48702876,41.98584956,20.89052027,22.78965847,5.313656299,5.796715963,9.207800901,10.04487371,5.66846602,6.183781113,0.111438637,1.568713123,0.427345806,6.015714042,0.014902315,0.209778746,0.406886519,5.727710229,0.134065935,0
"42","SFM01","sfm01","SFM01_1",8806,36580,0.351153839,0.240732641,14.38459541,"Elm","Oak","Oak",1,0,1,0,0,0,0,0,0,0,"Woody","Gravel fine",NA,NA,NA,"flowing","AIMS",20210604,"ENVD",1,"SW","June","10:54","SFM","N1A",3,350.8111572,"flowing",561.1,78.1,-96.587193,39.092281,"HS",14.95903418,15.77372298,15.77372298,1,1,1,18.44983101,0,132.6873,"",1.476474482,"clear, sunny",8.01,"Erin Seybold, Jess Wilhelm, Connor Brown, Bri Richards, Sarah Flynn","Brett Nave, Lydia Zeglin, Charlie Bond, Ken Aho, Rob Ramos, Michael J Braus",46,0.0940339146569058,462.946928071928,0,45,48,45,6.51111111111111,10.560987654321,0.254801661955808,-0.661149933940494,1.91111111111111,0.347654320987654,0.0228245575134588,-0.0575496451223199,14,0.2286157669491,0,86.8,0.14,0.004675786,0.034094323,0.007750281,0.026075619,0.029438994,0.031395124,15.65870192,20.00834134,13.8385945,17.68264853,4.857471862,6.206769602,7.077047489,9.042894014,2.284126438,2.918606005,0.089226665,2.389291812,0.21358791,5.719409578,0.012048549,0.322633361,0.425070688,11.38244843,0.052926397,7.544936464
"43","SFM02","sfm02","SFM02_1",3133,22614,0.598878975,0.138542496,16.54491598,"Elm","Populus","Oak",1,1,1,0,0,0,0,0,0,0,"Woody",NA,93,2,5,"flowing","AIMS",20210604,"ENVD",1,"SW","June","14:00","SFM","N4B",3,352.7506104,"flowing",545.7,84.4,-96.58632,39.09126,"HS",14.99649331,15.85152922,15.85152922,1,1,1,17.58334923,0.14,107.6787,"",2.848214171,"sunny, clear, hot",8.1,"Erin Seybold, Jess Wilhelm, Connor Brown, Bri Richards, Sarah Flynn","Brett Nave, Lydia Zeglin, Charlie Bond, Ken Aho, Rob Ramos, Michael J Braus",34,0.0770009657473518,392.891733266733,33,33,34,33,5.84848484848485,9.94674012855831,0.389155797596616,-0.563984583830786,1.87878787878788,0.348943985307622,0.0379253558453341,-0.0722809400411037,13,0.194020609020609,0,76,0.266,0.003302523,0.039296406,0.015069419,0.061536947,0.172324931,0.041121332,8.591555199,10.30986624,6.219343809,7.463212571,1.925435565,2.310522678,4.797232754,5.756679305,8.994811414,10.7937737,0.08070973,1.527276421,0.292235229,5.529989719,0.016702013,0.316053485,0.441370506,8.352088045,0.02388328,3.513005406
"44","SFM03","sfm03","SFM03_1",8145,46147,0.181456977,0.176501181,11.20251826,"Oak","Oak","Populus",0,1,1,0,0,0,0,0,0,0,"Woody",NA,75,10,15,"flowing","AIMS",20210605,"ENVD",1,"SW","June","","SFM","N4B",3,353.4151611,"flowing",574.9,63.5,-96.58578,39.09099,"LS",15.15369985,15.878171,15.878171,1,1,1,18.85499001,0.18,67.0512,"",0.497656872,"sunny, clear, hot",7.98,"Jess Wilhelm, Connor Brown, Bri Richards, Sarah Flynn","BLANK",15,0.0412378194678335,216.482142857143,28,14,14,14,4.42857142857143,4.6734693877551,-0.105110532105822,-1.02870758653448,1.71428571428571,0.63265306122449,-0.332186579905969,0.163560684892631,8,0.106904761904762,0,75,0.064,0.001093643,0.014330094,0.005937318,0,0,0.015389578,17.82360965,25.3282874,12.10149636,17.19686325,5.622694338,7.990144585,4.617322901,6.561458859,1.574900834,2.238016975,0.062192459,0.792953857,0.184748188,2.355539398,0.006198922,0.07903625,0.523548931,6.675248871,0.060799528,0
"45","SFM04","sfm04","SFM04_1",14848,56095,0.00500204,0.264693823,13.11565772,"Oak","Oak","Elm",1,0,1,0,0,0,0,0,0,0,"Woody",NA,80,1,19,"flowing","AIMS",20210605,"ENVD",1,"SW","June","","SFM","N4B",3,356.1382751,"flowing",564.8,86.5,-96.5844,39.09089,"HS",15.0961367,15.70999257,15.70999257,1,1,1,18.68798256,0.35,60.9054,"",0.53420538,"sunny, clear, hot",8.06,"BLANK","BLANK",13,0.0376360962844592,181.928571428571,36,12,13,12,4,3.16666666666667,0,-0.996398891966759,1.83333333333333,0.305555555555556,-0.0629836657297771,0.654545454545454,7,0.0898412698412698,21.02615367,75,0.655,0.04785771,0.099845851,0.006135343,0,0,0.019061069,6.018141178,7.638409956,3.51318086,4.459037246,3.150544835,3.998768444,2.660631589,3.376955478,1.908469916,2.42228874,0.284913171,10.01944652,0.620152127,21.80868314,0.026272367,0.92391158,0.430529722,15.14029522,0.156596956,8.99528802
"46","SFM05","sfm05","SFM05_1",9553,36564,0.351437643,0.261267914,14.94888141,"Elm","Elm","Oak",1,0,1,0,0,0,0,0,0,0,"Woody","Silt and gravel",85,1,15,"flowing","AIMS",20210605,"ENVD",1,"SW","June","10:57","SFM","N4B",3,361.0678101,"flowing",559.5,80.2,-96.58186,39.09019,"HS",15.2846211,15.92358364,15.92358364,1,1,1,16.93181992,0.66,58.6702,"",2.977030614,"~70s, hot, sunny",8.02,"Bri Richards, Connor Brown","Lydia Zeglin, Michael J Braus, Ken Aho, Harley-Payj Leatherman",12,0.0383972276630884,213,44,11,11,11,3.27272727272727,2.56198347107438,0.0960779672873012,-1.11259105098855,1.63636363636364,0.413223140495868,-1.79966416620188,2.61066666666667,6,0.105185185185185,4.068694055,75.9,0.202,0.024381318,0.132655886,0.032798102,0.042553191,0.004154796,0,33.03710534,44.60009221,14.43614569,19.48879668,5.603113077,7.564202654,7.172961229,9.68349766,9.361322282,12.63778508,0.0710699,2.105445797,0.285620543,8.461508581,0.01099572,0.325748218,0.440576812,13.05208805,0.1892952,11.18932979
"47","SFM06","sfm06","SFM06_1",7661,31855,0.434964613,0.240495997,12.0686065,"Oak","Oak","Populus",0,1,1,0,0,0,0,0,0,0,"Woody","More sandy",90,1,9,"flowing","AIMS",20210605,"ENVD",1,"SW","June","12:16","SFM","N20B",3,365.2245483,"flowing",549.4,85.4,-96.57941,39.0895,"",NA,NA,NA,NA,NA,NA,16.90305519,0.91,51.0121,"",2.664457202,"80s, sunny",8.06,"Connor Brown, Bri Richards, Rachel Wakefield, Eva Burke","Lydia Zeglin, Michael J Braus, Ken Aho, Harley-Payj Leatherman",NA,NA,NA,NA,NA,NA,NA,NA,NA,NA,NA,NA,NA,NA,NA,NA,NA,90.8066424,94.6,0.185,0.005541971,0.012013158,0.042318172,0.02346194,0.249568179,0.045863782,13.92855789,26.46426,8.365616006,15.89467041,3.38736771,6.435998649,3.822376502,7.262515354,5.358821959,10.18176172,0.071192641,1.890560123,0.179475153,4.766062407,0.00813156,0.215938103,0.404898931,10.75231604,0.039398241,0
"48","SFM07","sfm07","SFM07_1",9928,54472,0.033790376,0.182258775,14.06835493,"Elm","Oak","Oak",1,0,1,0,0,0,0,0,0,0,"Woody","Sandy",94,5,1,"flowing","AIMS",20210605,"ENVD",1,"SW","June","13:51","SFM","N20B",3,367.3485718,"flowing",528.8,97.9,-96.578458,39.088683,"HS",15.3920208,16.0369145,16.0369145,1,1,1,17.54718971,1.1,49.9061,"",1.369543574,"90s, sunny",8.01,"Connor Brown, Bri Richards, Rachel Wakefield, Eva Burke","Lydia Zeglin, Michael J Braus, Ken Aho, Harley-Payj Leatherman",10,0.0342942235729944,196.5,45,9,9,9,2.77777777777778,1.72839506172839,0.146354523591967,-1.0600583090379,1.55555555555556,0.246913580246914,-0.271052370871576,-2.57142857142857,5,0.097037037037037,18.03918922,61.5,0.191,0.047590759,0.191766924,0.019905022,0.038500039,0.115277108,0,19.84309937,23.45093562,12.11797551,14.32124379,7.620206322,9.005698381,7.360773211,8.699095613,7.560312244,8.93491447,0.113361724,2.277540097,0.237491317,4.771416458,0.005583339,0.112174358,0.338241198,6.795573165,0.100793939,2.02504186
"49","SFT01","Sft01","SFT01_1",5492,9953,0.823456374,0.551793429,21.42031347,"Elm","Elm","Oak",1,0,1,0,0,0,0,0,0,0,"Mixed","Silt and sand",30,40,30,"flowing","AIMS",20210606,"ENVD",1,"SW","June","14:58","SFM","N4B",1,356.8398438,"flowing",589.7,2.1,-96.58517,39.09185,"HS",15.79066865,16.04113011,16.11101319,1,1,1,13.78743362,0.3,4.5053,"",5.294576991,"80s, sunny",8.02,"Eva Burke, Bri Richards","Lydia Zeglin, Harley-Payj Leatherman",1,0.00499845277083413,0,0,1,0,0,0,NA,NA,NA,NA,NA,NA,NA,0,0,0,79,0.314,NA,NA,NA,NA,NA,NA,8.131431339,12.41113204,9.803025709,14.96251292,4.102900349,6.262321586,3.959367195,6.043244666,3.892636287,5.941392228,NA,NA,NA,NA,NA,NA,NA,NA,NA,NA
"50","SFT02","Sft02","SFT02_1",11834,39150,0.305567873,0.302273308,16.77315249,NA,NA,NA,0,0,0,0,0,0,0,0,0,0,"Prairie",NA,NA,NA,NA,"flowing","AIMS",20210606,"ENVD",1,"SW","June","13:12","SFM","N4B",1,372.4689026,"flowing",536.1,4.2,-96.57852,39.09105,"HS",16.26858841,16.67016357,16.7081263,1,0.983643123,0.984732824,14.25018978,1.01,4.8346,"",3.58234839,"80s, partly cloudy",8.13,"Eva Burke, Bri Richards","Lydia Zeglin, Harley-Payj Leatherman",1,0.00499845277083413,0,0,1,0,0,0,NA,NA,NA,NA,NA,NA,NA,0,0,2.149027918,91,0.428,0.024584273,0.138875245,0.008663723,NA,NA,NA,24.12237371,24.12237371,13.45048739,13.45048739,7.035692331,7.035692331,5.50199539,5.50199539,4.168178326,4.168178326,NA,NA,NA,NA,NA,NA,NA,NA,NA,NA
